Name,Price,Brand,Date
คอมพานี บี สันคอวัวสไลซ์ แช่แข็ง 1.5 มม. 500 ก.,235.00,คอมพานี บี,2024-03-25
คอมพานี บี เนื้อล้วนบดแช่แข็ง วัวออสเตรเลีย 1 กก.,315.00,คอมพานี บี,2024-03-25
นิดา สันนอกวัวตัดสเต็กแช่แข็ง 1 กก.,439.00,นิดา,2024-03-25
นิดาบีฟ สันแหลมวัวสเต็กแช่แข็ง 1 กก.,918.00,นิดาบีฟ,2024-03-25
นิดาบีฟ เนื้อใบพายวัวโคขุนสไลซ์ แช่แข็ง 500 ก.,199.00,นิดาบีฟ,2024-03-25
ประกอบบีฟ เนื้อโคขุนบดเกรดแช่แข็ง 1 กก.,290.00,ประกอบบีฟ,2024-03-25
ประกอบบีฟ เนื้อโคขุนบดแช่แข็ง 1 กก.,275.00,ประกอบบีฟ,2024-03-25
มีนาฟู้ดส์ เนื้อวัวบดแช่แข็ง 1 กก.,170.00,มีนาฟู้ดส์,2024-03-25
สันนอกวัว ออสเตรเลีย 1 ชิ้น (1-2.5 กก./ชิ้น),1407.00,แม็คโคร,2024-03-25
สันนอกวัวออสเตรเลีย ขุน 100 วัน กก.ละ,600.00,แม็คโคร,2024-03-25
สันนอกวัวออสเตรเลีย ตัดชิ้น กก.ละ,510.00,แม็คโคร,2024-03-25
สันนอกวัวแองกัสออสเตรเลีย กก.ละ,860.00,แม็คโคร,2024-03-25
สันนอกวัวแองกัสออสเตรเลีย ตัดชิ้น กก.ละ,890.00,แม็คโคร,2024-03-25
สันแหลมวัว ออสเตรเลีย 1 ชิ้น (ประมาณ 1.3-2.0 กก./ชิ้น),1280.00,แม็คโคร,2024-03-25
สันแหลมวัวออสเตรเลีย ขุน 100 วัน กก.ละ,970.00,แม็คโคร,2024-03-25
สันแหลมวัวออสเตรเลีย ขุน 100 วัน ตัดชิ้น,1000.00,แม็คโคร,2024-03-25
สันแหลมวัวออสเตรเลียตัดชิ้น กก.ละ,620.00,แม็คโคร,2024-03-25
เกรท เอ็มเพอร์เร่อร์ ฟู้ดส์ เนื้อวัวหมักนุ่มแช่แข็ง 1 กก.,145.00,เกรท เอ็มเพอร์เร่อร์ ฟู้ดส์,2024-03-25
เนื้อพิคานย่าวัวออสเตรเลีย กก.ละ,540.00,แม็คโคร,2024-03-25
เนื้อพิคานย่าวัวออสเตรเลีย ตัดสเต็ก กก.ละ,560.00,แม็คโคร,2024-03-25
เนื้อพิคานย่าออสเตรเลีย ขุน 100 วัน กก.ละ,590.00,แม็คโคร,2024-03-25
เนื้อพิคานย่าออสเตรเลีย ขุน100 วัน ตัดชิ้น,620.00,แม็คโคร,2024-03-25
เนื้อเสียบไม้โคขุนโพนยางคําแช่แข็ง 400 ก.,139.00,โคขุนโพนยางคํา,2024-03-25
เอฟบี เชฟ สันแหลมวัวสเต็กแช่แข็ง 200 ก.,469.00,เอฟบี เชฟ,2024-03-25
โปร บุชเชอร์ สันคอบราห์มันสเต็ก 250 ก.,110.00,โปร บูชเชอร์,2024-03-25
โปร บุชเชอร์ สันนอกวัวนมดรายเอจ 21 วัน 250 ก.,240.00,โปร บุชเชอร์,2024-03-25
โปร บุชเชอร์ สันแหลมบราห์มันสเต็ก 250 ก. x 8,896.00,โปร บุชเชอร์,2024-03-25
โปร บุชเชอร์ สันแหลมวัวนมสเต็ก 250 ก.,199.00,โปร บุชเชอร์,2024-03-25
โปร บุชเชอร์ สันแหลมวัวนมสเต็ก 250 ก. x 8,1736.00,โปร บุชเชอร์,2024-03-25
โปร บุชเชอร์ เนื้อบดบราห์มัน 300 ก.,85.00,โปร บุชเชอร์,2024-03-25
โปร บุชเชอร์ เนื้อบดโคขุนดรายเอจ 300 ก.,100.00,โปร บุชเชอร์,2024-03-25
โปร บุชเชอร์ เนื้อวัวนมหั่นเต๋า 300 ก.,89.00,โปร บุชเชอร์,2024-03-25
โปรบุชเชอร์ สันคอวัวตัดสเต็ก ดรายเอจ 21 วัน 300 ก.,150.00,โปรบุชเชอร์,2024-03-25
โปรบุชเชอร์ สันคอแองกัสสเต๊ก MS4+ 300 ก.,170.00,โปรบุชเชอร์,2024-03-25
โปรบุชเชอร์ สันคอไทยวากิวสเต๊ก 300 ก.,310.00,โปรบุชเชอร์,2024-03-25
โปรบุชเชอร์ สันนอกบราห์มันสเต็ก 250 ก.,115.00,โปรบุชเชอร์,2024-03-25
โปรบุชเชอร์ สันนอกวัว ดรายเอจ 21 วัน 260 ก.,235.00,โปรบุชเชอร์,2024-03-25
โปรบุชเชอร์ สันนอกวัวนมสเต็ก 250 ก.,199.00,โปรบุชเชอร์,2024-03-25
โปรบุชเชอร์ สันนอกสเต๊กแองกัส Ms4+ 260 ก.,280.00,โปรบุชเชอร์,2024-03-25
โปรบุชเชอร์ สันนอกไทยวากิวสเต๊ก 270 ก.,325.00,โปรบุชเชอร์,2024-03-25
โปรบุชเชอร์ สันสะโพกบราห์มันสเต็ก 300 ก.,120.00,โปรบุชเชอร์,2024-03-25
โปรบุชเชอร์ สันสะโพกสเต๊กวัว ดรายเอจ 21 วัน 300 ก.,140.00,โปรบุชเชอร์,2024-03-25
โปรบุชเชอร์ สันสะโพกแองกัสสเต๊ก MS4+ 300 ก.,155.00,โปรบุชเชอร์,2024-03-25
โปรบุชเชอร์ สันสะโพกแองกัสสไลซ์ แช่แข็ง Ms4+ 500 ก.,240.00,โปรบุชเชอร์,2024-03-25
โปรบุชเชอร์ สันสะโพกไทยวากิว 300 ก.,225.00,โปรบุชเชอร์,2024-03-25
โปรบุชเชอร์ สันแหลมบราห์มันสเต็ก 250 ก.,115.00,โปรบุชเชอร์,2024-03-25
โปรบุชเชอร์ สันแหลมแองกัสสเต๊ก MS4+ 330 ก.,350.00,โปรบุชเชอร์,2024-03-25
โปรบุชเชอร์ สันแหลมโคขุน ดรายเอจ 21 วัน 330 ก.,290.00,โปรบุชเชอร์,2024-03-25
โปรบุชเชอร์ สันแหลมไทยวากิวสเต็ก 330 ก.,480.00,โปรบุชเชอร์,2024-03-25
โปรบุชเชอร์ สันในบราห์มันสเต็ก 300 ก.,155.00,โปรบุชเชอร์,2024-03-25
โปรบุชเชอร์ เนื้อบราห์มันหั่นเต๋า 300 ก.,95.00,โปรบุชเชอร์,2024-03-25
โปรบุชเชอร์ เนื้อวัวหั่นเต๋า ดรายเอจ 21 วัน 250 ก.,95.00,โปรบุชเชอร์,2024-03-25
โปรบุชเชอร์ เนื้อสันคอแองกัสสไลซ์แช่แข็ง Ms 4+ 500 ก.,299.00,โปรบุชเชอร์,2024-03-25
โปรบุชเชอร์ เนื้อสันคอไทยวากิวสไลซ์แช่แข็ง 250 ก.,350.00,โปรบุชเชอร์,2024-03-25
โปรบุชเชอร์ เนื้อสันแหลมไทยวากิวสเต๊กแช่แข็ง 330 ก.,395.00,โปรบุชเชอร์,2024-03-25
โปรบุชเชอร์ เนื้อแดงวัว ดรายเอจ 21 วัน 300 ก.,100.00,โปรบุชเชอร์,2024-03-25
โพนยางคํา สันนอกโคขุนตัดสเต็ก แช่แข็ง 500 ก.,459.00,โพนยางคํา,2024-03-25
ไพร์ม มีท นิวซีแลนด์ สันนอกวัวตัดสเต๊กแช่แข็ง 200 ก.,129.00,ไพร์ม มีท,2024-03-25
ไพร์ม มีท สันนอกวัววากิวญี่ปุ่นสเต๊กแช่แข็ง เอ3 400 ก.,1169.00,ไพร์ม มีท,2024-03-25
ไพร์ม มีท สันนอกวัวออสเตรเลียสเต๊ก 200 ก.,140.00,ไพร์ม มีท,2024-03-25
ไพร์ม มีท สันนอกวัวอเมริกาสเต๊กแช่แข็ง 200 ก.,340.00,ไพร์ม มีท,2024-03-25
ไพร์ม มีท สันแหลมวัวนิวซีแลนด์ตัดสเต๊กแช่แข็ง 200 ก.,150.00,ไพร์ม มีท,2024-03-25
ไพร์ม มีท สันแหลมวัววากิวญี่ปุ่นสเต๊กแช่แข็ง เอ3 200 ก.,580.00,ไพร์ม มีท,2024-03-25
ไพร์ม มีท สันแหลมวัววากิวออสเตรเลียตัดสเต็ก 200 ก.,579.00,ไพร์ม มีท,2024-03-25
ไพร์ม มีท สันแหลมวัวอเมริกาสเต๊กแช่แข็ง 200 ก.,479.00,ไพร์ม มีท,2024-03-25
ไพร์ม มีท เก็นไมคุโรชิวากิวญี่ปุ่นสันนอกวัวสเต็กแช่แข็ง A3 200 ก.,590.00,ไพร์ม มีท,2024-03-25
ไพร์ม มีท เนื้อสันนอกคาโกชิม่าญี่ปุ่น เอ5 สเต็ก 400 ก.,1690.00,ไพร์ม มีท,2024-03-25
ไพร์ม มีท เนื้อสันนอกวัววากิวสเต็ก เอ5 200 ก.,870.00,ไพร์ม มีท,2024-03-25
ไพร์ม มีท เนื้อสันแหลมคาโกชิม่าญี่ปุ่น เอ5 สเต็ก 200 ก.,850.00,ไพร์ม มีท,2024-03-25
ไพร์ม มีท เนื้อสันแหลมคาโกชิม่าญี่ปุ่น เอ5 สเต็ก 400 ก.,1650.00,ไพร์ม มีท,2024-03-25
ไพร์ม มีท เนื้อสไลซ์ปรุงรสญี่ปุ่นแช่แข็ง 500 ก.,149.00,ไพร์ม มีท,2024-03-25
คอมพานี บี สันคอวัวสไลซ์ แช่แข็ง 1.5 มม. 500 ก.,235.00,คอมพานี บี,2024-03-26
คอมพานี บี เนื้อล้วนบดแช่แข็ง วัวออสเตรเลีย 1 กก.,315.00,คอมพานี บี,2024-03-26
นิดา สันนอกวัวตัดสเต็กแช่แข็ง 1 กก.,439.00,นิดา,2024-03-26
นิดาบีฟ สันแหลมวัวสเต็กแช่แข็ง 1 กก.,918.00,นิดาบีฟ,2024-03-26
นิดาบีฟ เนื้อใบพายวัวโคขุนสไลซ์ แช่แข็ง 500 ก.,199.00,นิดาบีฟ,2024-03-26
ประกอบบีฟ เนื้อโคขุนบดเกรดแช่แข็ง 1 กก.,290.00,ประกอบบีฟ,2024-03-26
ประกอบบีฟ เนื้อโคขุนบดแช่แข็ง 1 กก.,275.00,ประกอบบีฟ,2024-03-26
มีนาฟู้ดส์ เนื้อวัวบดแช่แข็ง 1 กก.,170.00,มีนาฟู้ดส์,2024-03-26
สันนอกวัว ออสเตรเลีย 1 ชิ้น (1-2.5 กก./ชิ้น),1407.00,แม็คโคร,2024-03-26
สันนอกวัวออสเตรเลีย ขุน 100 วัน กก.ละ,600.00,แม็คโคร,2024-03-26
สันนอกวัวออสเตรเลีย ตัดชิ้น กก.ละ,510.00,แม็คโคร,2024-03-26
สันนอกวัวแองกัสออสเตรเลีย กก.ละ,860.00,แม็คโคร,2024-03-26
สันนอกวัวแองกัสออสเตรเลีย ตัดชิ้น กก.ละ,890.00,แม็คโคร,2024-03-26
สันแหลมวัว ออสเตรเลีย 1 ชิ้น (ประมาณ 1.3-2.0 กก./ชิ้น),1280.00,แม็คโคร,2024-03-26
สันแหลมวัวออสเตรเลีย ขุน 100 วัน กก.ละ,970.00,แม็คโคร,2024-03-26
สันแหลมวัวออสเตรเลีย ขุน 100 วัน ตัดชิ้น,1000.00,แม็คโคร,2024-03-26
สันแหลมวัวออสเตรเลียตัดชิ้น กก.ละ,620.00,แม็คโคร,2024-03-26
หมูนุ่มหมักน้ํามันงาแช่แข็ง 1 กก.,135.00,โปรบุชเชอร์,2024-03-26
เกรท เอ็มเพอร์เร่อร์ ฟู้ดส์ เนื้อวัวหมักนุ่มแช่แข็ง 1 กก.,145.00,เกรท เอ็มเพอร์เร่อร์ ฟู้ดส์,2024-03-26
เนื้อพิคานย่าวัวออสเตรเลีย กก.ละ,540.00,แม็คโคร,2024-03-26
เนื้อพิคานย่าวัวออสเตรเลีย ตัดสเต็ก กก.ละ,560.00,แม็คโคร,2024-03-26
เนื้อพิคานย่าออสเตรเลีย ขุน 100 วัน กก.ละ,590.00,แม็คโคร,2024-03-26
เนื้อพิคานย่าออสเตรเลีย ขุน100 วัน ตัดชิ้น,620.00,แม็คโคร,2024-03-26
เนื้อเสียบไม้โคขุนโพนยางคําแช่แข็ง 400 ก.,139.00,โคขุนโพนยางคํา,2024-03-26
เอฟบี เชฟ สันแหลมวัวสเต็กแช่แข็ง 200 ก.,469.00,เอฟบี เชฟ,2024-03-26
โปร บุชเชอร์ สันคอบราห์มันสเต็ก 250 ก.,110.00,โปร บูชเชอร์,2024-03-26
โปร บุชเชอร์ สันนอกวัวนมดรายเอจ 21 วัน 250 ก.,240.00,โปร บุชเชอร์,2024-03-26
โปร บุชเชอร์ สันแหลมบราห์มันสเต็ก 250 ก. x 8,896.00,โปร บุชเชอร์,2024-03-26
โปร บุชเชอร์ สันแหลมวัวนมสเต็ก 250 ก.,199.00,โปร บุชเชอร์,2024-03-26
โปร บุชเชอร์ สันแหลมวัวนมสเต็ก 250 ก. x 8,1736.00,โปร บุชเชอร์,2024-03-26
โปร บุชเชอร์ หมูหมักนุ่มแช่แข็ง 1 กก.,125.00,โปรบุชเชอร์,2024-03-26
โปร บุชเชอร์ เนื้อบดบราห์มัน 300 ก.,85.00,โปร บุชเชอร์,2024-03-26
โปร บุชเชอร์ เนื้อบดโคขุนดรายเอจ 300 ก.,100.00,โปร บุชเชอร์,2024-03-26
โปร บุชเชอร์ เนื้อวัวนมบด 300 ก.,79.00,โปร บุชเชอร์,2024-03-26
โปร บุชเชอร์ เนื้อวัวนมหั่นชิ้น 270 ก.,89.00,โปร บุชเชอร์,2024-03-26
โปร บุชเชอร์ เนื้อวัวนมหั่นเต๋า 300 ก.,89.00,โปร บุชเชอร์,2024-03-26
โปร บุชเชอร์ เนื้อแดงบราห์มัน 300 ก.,95.00,โปรบุชเชอร์,2024-03-26
โปร บุชเชอร์ เนื้อแดงวัวนมตัดชิ้น 300 ก.,89.00,โปร บุชเชอร์,2024-03-26
โปร บุชเชอร์ เสือร้องไห้ไทยวากิว 300 ก.,185.00,โปร บุชเชอร์,2024-03-26
โปรบุชเชอร์ สันคอแองกัสสเต๊ก MS4+ 300 ก.,170.00,โปรบุชเชอร์,2024-03-26
โปรบุชเชอร์ สันคอไทยวากิวสเต๊ก 300 ก.,310.00,โปรบุชเชอร์,2024-03-26
โปรบุชเชอร์ สันนอกบราห์มันสเต็ก 250 ก.,115.00,โปรบุชเชอร์,2024-03-26
โปรบุชเชอร์ สันนอกวัว ดรายเอจ 21 วัน 260 ก.,235.00,โปรบุชเชอร์,2024-03-26
โปรบุชเชอร์ สันนอกวัวนมสเต็ก 250 ก.,199.00,โปรบุชเชอร์,2024-03-26
โปรบุชเชอร์ สันนอกสเต๊กแองกัส Ms4+ 260 ก.,280.00,โปรบุชเชอร์,2024-03-26
โปรบุชเชอร์ สันนอกไทยวากิวสเต๊ก 270 ก.,325.00,โปรบุชเชอร์,2024-03-26
โปรบุชเชอร์ สันสะโพกบราห์มันสเต็ก 300 ก.,120.00,โปรบุชเชอร์,2024-03-26
โปรบุชเชอร์ สันสะโพกสเต๊กวัว ดรายเอจ 21 วัน 300 ก.,140.00,โปรบุชเชอร์,2024-03-26
โปรบุชเชอร์ สันสะโพกแองกัสสเต๊ก MS4+ 300 ก.,155.00,โปรบุชเชอร์,2024-03-26
โปรบุชเชอร์ สันสะโพกแองกัสสไลซ์ แช่แข็ง Ms4+ 500 ก.,240.00,โปรบุชเชอร์,2024-03-26
โปรบุชเชอร์ สันสะโพกไทยวากิว 300 ก.,225.00,โปรบุชเชอร์,2024-03-26
โปรบุชเชอร์ สันแหลมบราห์มันสเต็ก 250 ก.,115.00,โปรบุชเชอร์,2024-03-26
โปรบุชเชอร์ สันแหลมแองกัสสเต๊ก MS4+ 330 ก.,350.00,โปรบุชเชอร์,2024-03-26
โปรบุชเชอร์ สันแหลมโคขุน ดรายเอจ 21 วัน 330 ก.,290.00,โปรบุชเชอร์,2024-03-26
โปรบุชเชอร์ สันแหลมไทยวากิวสเต็ก 330 ก.,480.00,โปรบุชเชอร์,2024-03-26
โปรบุชเชอร์ สันในบราห์มันสเต็ก 300 ก.,155.00,โปรบุชเชอร์,2024-03-26
โปรบุชเชอร์ เนื้อบดแองกัส Ms4+ 300 ก.,129.00,โปรบุชเชอร์,2024-03-26
โปรบุชเชอร์ เนื้อบราห์มันหั่นเต๋า 300 ก.,95.00,โปรบุชเชอร์,2024-03-26
โปรบุชเชอร์ เนื้อร่องซี่โครงวัว 300 ก.,130.00,โปรบุชเชอร์,2024-03-26
โปรบุชเชอร์ เนื้อวัวหั่นเต๋า ดรายเอจ 21 วัน 250 ก.,95.00,โปรบุชเชอร์,2024-03-26
โปรบุชเชอร์ เนื้อสันคอแองกัสสไลซ์แช่แข็ง Ms 4+ 500 ก.,299.00,โปรบุชเชอร์,2024-03-26
โปรบุชเชอร์ เนื้อสันคอไทยวากิวสไลซ์แช่แข็ง 250 ก.,350.00,โปรบุชเชอร์,2024-03-26
โปรบุชเชอร์ เนื้อสันแหลมไทยวากิวสเต๊กแช่แข็ง 330 ก.,395.00,โปรบุชเชอร์,2024-03-26
โปรบุชเชอร์ เนื้อเสือร้องไห้ตัดชิ้น 300 ก.,120.00,โปรบุชเชอร์,2024-03-26
โปรบุชเชอร์ เนื้อแดงวัว ดรายเอจ 21 วัน 300 ก.,100.00,โปรบุชเชอร์,2024-03-26
โปรบุชเชอร์ เนื้อแดงไทยวากิว 300 ก.,175.00,โปรบุชเชอร์,2024-03-26
โปรบุชเชอร์ เนื้อใบพายแองกัสสไลซ์แช่แข็ง Ms 4+ 500 ก.,349.00,โปรบุชเชอร์,2024-03-26
โปรบุชเชอร์ ไก่หมักน้ํามันงาแช่แข็ง 1 กก.,92.00,โปรบุชเชอร์,2024-03-26
โพนยางคํา สันนอกโคขุนตัดสเต็ก แช่แข็ง 500 ก.,459.00,โพนยางคํา,2024-03-26
ไพร์ม มีท นิวซีแลนด์ สันนอกวัวตัดสเต๊กแช่แข็ง 200 ก.,129.00,ไพร์ม มีท,2024-03-26
ไพร์ม มีท สันนอกวัววากิวญี่ปุ่นสเต๊กแช่แข็ง เอ3 400 ก.,1169.00,ไพร์ม มีท,2024-03-26
ไพร์ม มีท สันนอกวัวออสเตรเลียสเต๊ก 200 ก.,140.00,ไพร์ม มีท,2024-03-26
ไพร์ม มีท สันนอกวัวอเมริกาสเต๊กแช่แข็ง 200 ก.,340.00,ไพร์ม มีท,2024-03-26
ไพร์ม มีท สันแหลมวัวนิวซีแลนด์ตัดสเต๊กแช่แข็ง 200 ก.,150.00,ไพร์ม มีท,2024-03-26
ไพร์ม มีท สันแหลมวัววากิวญี่ปุ่นสเต๊กแช่แข็ง เอ3 200 ก.,580.00,ไพร์ม มีท,2024-03-26
ไพร์ม มีท สันแหลมวัววากิวออสเตรเลียตัดสเต็ก 200 ก.,579.00,ไพร์ม มีท,2024-03-26
ไพร์ม มีท สันแหลมวัวอเมริกาสเต๊กแช่แข็ง 200 ก.,479.00,ไพร์ม มีท,2024-03-26
ไพร์ม มีท เก็นไมคุโรชิวากิวญี่ปุ่นสันนอกวัวสเต็กแช่แข็ง A3 200 ก.,590.00,ไพร์ม มีท,2024-03-26
ไพร์ม มีท เนื้อสันนอกคาโกชิม่าญี่ปุ่น เอ5 สเต็ก 400 ก.,1690.00,ไพร์ม มีท,2024-03-26
ไพร์ม มีท เนื้อสันนอกวัววากิวสเต็ก เอ5 200 ก.,870.00,ไพร์ม มีท,2024-03-26
ไพร์ม มีท เนื้อสันแหลมคาโกชิม่าญี่ปุ่น เอ5 สเต็ก 200 ก.,850.00,ไพร์ม มีท,2024-03-26
ไพร์ม มีท เนื้อสันแหลมคาโกชิม่าญี่ปุ่น เอ5 สเต็ก 400 ก.,1650.00,ไพร์ม มีท,2024-03-26
ไพร์ม มีท เนื้อสไลซ์ปรุงรสญี่ปุ่นแช่แข็ง 500 ก.,149.00,ไพร์ม มีท,2024-03-26
